"","state","folate_inad","vitb12_inad","thia_inad","fe_inad","folate_inad_fort","vitb12_inad_fort","thia_inad_fort","fe_inad_fort","folate_inad_fort_wfp","vitb12_inad_fort_wfp","thia_inad_fort_wfp","fe_inad_fort_wfp"
"1","Himachal Pradesh",12.2659116039046,30.2585633206653,12.0796731873382,51.9059934318555,12.1462236260075,29.1722238085342,11.1977793310528,43.3817733990148,10.5372003353436,18.7093100799016,10.1270646792899,37.6802134646962
"2","Punjab",22.0061786196199,12.6345368979894,5.6238650757008,53.9782646196308,22.0061786196199,12.6345368979894,5.6238650757008,53.9753320683112,22.0061786196199,12.6345368979894,5.6238650757008,53.972917026048
"3","Haryana",27.3529721356353,23.1444084736838,6.28502502297751,49.3969248291572,27.3529721356353,23.1444084736838,6.28502502297751,49.3414958238421,27.3374101795151,23.1288465175633,6.28502502297751,49.3054290053151
"4","Delhi",27.2025060131545,12.1955478356159,10.9699175519872,63.2055641421947,26.5399791264521,11.9145460518394,10.4238241725212,60.6664605873261,23.6447357971504,10.349881703331,9.83166825907881,58.6534775888717
"5","Rajasthan",35.1307816183761,34.4625972951692,8.53291979976446,35.2223996350365,35.1307816183761,34.4625972951692,8.53291979976446,35.2182177615572,35.1250670906713,34.4568827674663,8.52720527234213,35.2150243309002
"6","Uttar Pradesh",37.2643891882496,46.471093133356,7.01832788839679,59.1664847342132,32.9595716981866,44.1697074337476,4.38611736204643,45.3295623697529,11.4052013481164,23.5900031595497,2.38966825531218,36.3099136647812
"7","Bihar",24.459234696728,30.5339791347903,9.46677978446057,50.852354070884,20.0956715925352,26.5582298899567,5.45187239269615,33.3282895885468,7.71107295175671,9.94001395630339,2.68684799128652,24.7688412966304
"8","West Bengal",16.2331259599332,53.6520835911878,54.8708287781468,74.7915447872399,13.7297907310004,49.5094609962981,33.4628663948085,50.5426348032452,2.43690257956016,16.2387990996421,9.96335637881927,34.4365583089575
"9","Jharkhand",47.5864437841962,68.4201686473669,40.1445380972123,70.6931532663316,43.109676833489,65.7987562892457,26.8845704971115,51.7429334170854,11.0640790823608,34.8203411361495,9.89737489148274,38.2080716080402
"10","Odisha",34.7388092348954,83.5414186766965,71.7365556716173,82.7212447767759,28.8997862677805,81.1369027437945,43.7500572555878,53.2504948317572,6.23013572150846,31.9921466643337,11.8856046490888,33.1770398064658
"11","Chhattisgarh",40.1632960785482,85.6464447486458,66.6229860848449,79.3431905049286,30.5919225985524,82.6184508769897,31.5714183781766,39.0597465298733,2.9080098303903,17.2627871230603,5.99033965672134,20.6081271373969
"12","Madhya Pradesh",27.550947675353,55.2466126916147,7.08522963894318,47.6331590844871,24.8350849397567,53.9477683191049,5.24935377599409,39.3838654987285,12.2186056299718,37.4452311724313,3.43909694448957,34.259677875106
"13","Andhra Pradesh",41.1596292910087,34.2760425388431,61.7175306085608,86.2861632131985,33.2927416945277,28.8683176194843,34.7324063109355,57.2148679171168,7.48650207107494,7.22480058074484,10.701720965402,35.2475694785427
"14","Puducherry",15.1565502163548,12.567025608126,72.1252536682303,82.7936210131332,14.6265003997553,11.7320450165347,65.2225558635499,76.7476547842402,12.2696641864571,9.74054153804719,55.0184509248747,71.0928705440901
"15","Telangana",58.0503480155166,42.3992267105125,68.937796461311,89.0973621813871,51.2438453315928,37.6998310788584,46.1496445635608,64.0918790752816,19.3612440125872,14.9949806028646,23.4863763104003,45.2125074096028
